{"cameraMode":{"drawMode":0,"name":"Shaded","section":"Shading Mode"},"sceneLighting":true,"audioPlay":false,"sceneViewState":{"showFog":true,"showMaterialUpdate":false,"showSkybox":false,"showFlares":true,"showImageEffects":true,"showParticleSystems":true},"in2DMode":false,"pivot":{"x":-0.41999998688697817,"y":2.4600000381469728,"z":-12.640000343322754},"rotation":{"x":-0.05945425480604172,"y":0.9365530610084534,"z":-0.19551970064640046,"w":-0.28479060530662539},"size":22.0,"orthographic":false}