{"cameraMode":{"drawMode":0,"name":"Shaded","section":"Shading Mode"},"sceneLighting":true,"audioPlay":false,"sceneViewState":{"showFog":true,"showMaterialUpdate":false,"showSkybox":false,"showFlares":true,"showImageEffects":true,"showParticleSystems":true},"in2DMode":false,"pivot":{"x":72.576171875,"y":-187.00607299804688,"z":61.4552001953125},"rotation":{"x":-0.06924465298652649,"y":0.9300184845924377,"z":-0.23530371487140656,"w":-0.27368414402008059},"size":1148.0068359375,"orthographic":false}